global_step,eval_loss,train_loss
1852,2.7147203534519697,2.866736650466919
